PaperId,AcknowName,CommonScholarId_by_colla,CommonScholarId_by_ref,AcknowId,CollaborationApproach,CitationApproach
2145218186,Aviv Regev,1893730172.0,,1893730172,True,False
2105003357,Aviv Regev,1893730172.0,,1893730172,True,False
2145218186,Dalit May,2800119218.0,,2800119218,True,False
2145218186,Ruth Hershberg,2155149074.0,,2155149074,True,False
2145218186,Yael Altuvia,221285518.0,,221285518,True,False
2034469541,Isidore Rigoutsos,262383800.0,,262383800,True,False
1992451058,Jim Kent,2714147114.0,,2714147114,True,False
1975972631,Aniket Schneider,2553459896.0,,2553459896,True,False
1975972631,Vivian Tung,2437623495.0,,2437623495,True,False
1975972631,Zefeng Wang,2510095342.0,,2510095342,True,False
2128239029,Khalid Boushaba,81981207.0,,81981207,True,False
2073487727,Evan Maxwell,2654572669.0,,2654572669,True,False
2085708372,Clémentine Vitte,2806994773.0,,2806994773,True,False
2276605232,David P. Hill,2134030691.0,,2134030691,True,False
2276605232,Deborah A. Siegele,2113397775.0,,2113397775,True,False
2276605232,Donghui Li,2280746608.0,,2280746608,True,False
2276605232,James C. Hu,2572891903.0,,2572891903,True,False
2276605232,Paul Thomas,3019405581.0,,3019405581,True,False
2079186703,Caroline Lemerle,1659671489.0,,1659671489,True,False
1984567848,Caroline Lemerle,1659671489.0,,1659671489,True,False
1984567848,Mark Isalan,1238926813.0,,1238926813,True,False
2068204754,Julie C. Dunning Hotopp,2320075210.0,,2320075210,True,False
2079383617,Carl Bergstrom,2943904102.0,,2943904102,True,False
2074872734,Catherine Nancarrow,2915588655.0,,2915588655,True,False
2100790938,Catherine Nancarrow,2915588655.0,,2915588655,True,False
2074872734,Johanna McEntyre,2477924946.0,,2477924946,True,False
1985755631,Jo-Lan Chung,2123084546.0,,2123084546,True,False
2166107990,Jo-Lan Chung,2123084546.0,,2123084546,True,False
2043985305,Michal Linial,2244668935.0,,2244668935,True,False
2133114049,Rik K. Wierenga,1941208593.0,,1941208593,True,False
2081018378,Scott Markel,2311621257.0,,2311621257,True,False
2031348767,Peter Hunter,2138372879.0,,2138372879,True,False
2171195675,Eran Segal,2152109806.0,,2152109806,True,False
2171195675,Naama Barkai,154623698.0,,154623698,True,False
2044586667,Dongying Wu,2713922594.0,,2713922594,True,False
2044586667,Jun Yu,2144260202.0,,2144260202,True,False
2044586667,Lin Lei,2222348439.0,,2222348439,True,False
2044586667,Myung-Soo Lyu,2424072580.0,,2424072580,True,False
1984903423,Branka Cajavec,2950933519.0,,2950933519,True,False
1984903423,Thomas Höfer,2395423893.0,,2395423893,True,False
2077206871,Reinhold Schäfer,2106717018.0,,2106717018,True,False
2137592579,Douwe Molenaar,2128267214.0,,2128267214,True,False
2137285295,Anna Gerasimova,2035977075.0,,2035977075,True,False
1974974415,Karen Lipkow,286031487.0,,286031487,True,False
1996912752,Antoine Danchin,2011207290.0,,2011207290,True,False
2114671460,Ram Ramaswamy,2147368723.0,,2147368723,True,False
2085028160,Bogdan Lesyng,2042952198.0,,2042952198,True,False
1969949283,Nir Yosef,2075024356.0,,2075024356,True,False
2020892390,Nir Yosef,2075024356.0,,2075024356,True,False
2020892390,Tomer Shlomi,172881847.0,,172881847,True,False
2000622980,Assaf Gottlieb,2001205449.0,,2001205449,True,False
2000622980,Martin Kupiec,249516215.0,,249516215,True,False
2000622980,Nir Ben-Tal,1341781754.0,,1341781754,True,False
2000622980,Tal Pupko,2051963343.0,,2051963343,True,False
2000622980,Yanay Ofran,1386037399.0,,1386037399,True,False
2127745643,Elhanan Borenstein,2074826236.0,,2074826236,True,False
2029144080,K. G. Guruharsha,2309611310.0,,2309611310,True,False
2029144080,K. VijayRaghavan,2140886705.0,,2140886705,True,False
1994955065,Morten Krogh,2241913522.0,,2241913522,True,False
2154031143,Peter Johansson,2123180890.0,,2123180890,True,False
2032603300,Akihiro Nakao,2146642559.0,,2146642559,True,False
2085350879,Steve Fong,2318554116.0,,2318554116,True,False
2056669708,Ani Manichaikul,684888802.0,,684888802,True,False
2056669708,Ines Thiele,2015971504.0,,2015971504,True,False
2091317547,Shankar Subramaniam,2158643951.0,,2158643951,True,False
2091317547,Trey Ideker,2000084066.0,,2000084066,True,False
2122000580,Nikolaus Schultz,2134859304.0,,2134859304,True,False
1982147469,Wenying Shou,1978952369.0,,1978952369,True,False
2122000580,Sven Nelander,2644621777.0,,2644621777,True,False
2158826174,Terry Furey,3133505169.0,,3133505169,True,False
2048385877,Sofie Salama,3144112054.0,,3144112054,True,False
2048385877,Ting Wang,2158929182.0,,2158929182,True,False
1963590211,Andrea Rocco,2166476799.0,,2166476799,True,False
2078562893,Martin Goodson,2614702723.0,,2614702723,True,False
1995397373,Benno Schwikowski,106251737.0,,106251737,True,False
1995397373,Irit Rubin,2612362355.0,,2612362355,True,False
1995397373,Robert Hubley,2142453977.0,,2142453977,True,False
2072999024,Robert Hubley,2142453977.0,,2142453977,True,False
2072999024,Alex Nachman,2302752836.0,,2302752836,True,False
2072999024,Bruz Marzolf,2761781556.0,,2761781556,True,False
2072999024,David Rodriguez,2606242710.0,,2606242710,True,False
2072999024,Elain Fu,2097618181.0,,2097618181,True,False
2072999024,Irina Podolsky,3147682665.0,,3147682665,True,False
2072999024,Jeroen de Ridder,2156910815.0,,2156910815,True,False
2072999024,Kerry Deutsch,2151634016.0,,2151634016,True,False
2072999024,Matti Nykter,1090079.0,,1090079,True,False
2072999024,Sarah Killcoyne,1991312944.0,,1991312944,True,False
2009916046,Michael T. Mader,2721181271.0,,2721181271,True,False
2003265283,Basilis Zikopoulos,1185447178.0,,1185447178,True,False
1975961509,Barak Blumenfeld,1973332840.0,,1973332840,True,False
1975961509,Son Preminger,2175299855.0,,2175299855,True,False
2166329493,José Borghans,2733684120.0,,2733684120,True,False
2036431283,Matthew D. Levin,2144456064.0,,2144456064,True,False
2036431283,Sven Sewitz,1239347456.0,,1239347456,True,False
1976872732,Pascal Hingamp,2013797439.0,,2013797439,True,False
2016170092,Ali Tofigh,2511422314.0,,2511422314,True,False
2128674962,Christine Vogel,2103055117.0,,2103055117,True,False
2128674962,Graeme Mitchison,2118028193.0,,2118028193,True,False
2009818901,James W. Fickett,130952494.0,,130952494,True,False
2009329319,F. Denoeud,2743010523.0,,2743010523,True,False
2022012591,Alex Matter,3205968149.0,,3205968149,True,False
2056538898,Thomas Leitner,2305051498.0,,2305051498,True,False
2069291679,Alex Michie,2671907493.0,,2671907493,True,False
2088065156,Fudong Yu,2641636675.0,,2641636675,True,False
2088065156,Lingyi Lu,2310758556.0,,2310758556,True,False
1985222378,Jinfeng Liu,2168337935.0,,2168337935,True,False
1985222378,Barry Honig,718960132.0,,718960132,True,False
1985222378,Gilad Wainreb,130769527.0,,130769527,True,False
1985222378,Guy Nimrod,2133766298.0,,2133766298,True,False
1985222378,Lawrence Shapiro,2016139637.0,,2016139637,True,False
2094005653,Henry Bigelow,2619405839.0,,2619405839,True,False
2094005653,Marco Punta,2304583711.0,,2304583711,True,False
1992487208,Martin Lovmar,2307731023.0,,2307731023,True,False
2081098704,Frederick Klauschen,2092757552.0,,2092757552,True,False
2081098704,Zvi Grossman,2078975209.0,,2078975209,True,False
1976408638,Brett Larsen,2900170514.0,,2900170514,True,False
2062014401,Bing Zhang,2617423943.0,,2617423943,True,False
2048623398,Jasmine Young,2122615129.0,,2122615129,True,False
2048623398,Muhammed Yousufuddin,2060129134.0,,2060129134,True,False
2037917566,Julie E. Horvath,2268382904.0,,2268382904,True,False
2089961542,Margherita Carletti,2146209524.0,,2146209524,True,False
2079672926,Murat Cokol,236036507.0,,236036507,True,False
2050611670,Anna Divoli,1247537634.0,,1247537634,True,False
2158656300,Anna Divoli,1247537634.0,,1247537634,True,False
2050611670,James A. Evans,2125360209.0,,2125360209,True,False
2014849717,Bob Carpenter,2921799764.0,,2921799764,True,False
2023145868,Hao Yuan Kueh,2292496696.0,,2292496696,True,False
2023145868,Joseph Levine,2940834127.0,,2940834127,True,False
2017248899,Andreas Henschel,1964422877.0,,1964422877,True,False
2017248899,Annalisa Marsico,2114233193.0,,2114233193,True,False
2017248899,Christof Winter,2231862545.0,,2231862545,True,False
2017248899,Frank Dressel,2002189879.0,,2002189879,True,False
1993119069,Kerrie Vaughan,2126312732.0,,2126312732,True,False
1993119069,Laura Zarebski,1275687367.0,,1275687367,True,False
1993119069,Romulo de Castro,2631341251.0,,2631341251,True,False
1993119069,Stephen S. Wilson,2120407725.0,,2120407725,True,False
2016275347,Katja Roose,2167063464.0,,2167063464,True,False
2016275347,Kerstin Behr,2572779464.0,,2572779464,True,False
2110059498,Nancy Dumont,2171840290.0,,2171840290,True,False
2110059498,Sean Kim,2974408175.0,,2974408175,True,False
2110059498,Wei Yu,2656771151.0,,2656771151,True,False
2074421756,Kresten Lindorff-Larsen,1990972060.0,,1990972060,True,False
2007207845,Tetsuya Mori,2154288848.0,,2154288848,True,False
2007207845,Yao Xu,2250475642.0,,2250475642,True,False
2080632988,Kirsten Richter,2214929443.0,,2214929443,True,False
1980096296,Hugues Bersini,224312826.0,,224312826,True,False
2075622473,Xu Zhang,2688577480.0,,2688577480,True,False
2099659472,Yigal Meir,2084344447.0,,2084344447,True,False
2142356220,Sidhartha Goyal,2190444137.0,,2190444137,True,False
2112241171,Mathieu Bertin,2974306487.0,,2974306487,True,False
2112241171,Peter Bossaerts,2084328420.0,,2084328420,True,False
2112241171,Stefan Schaal,1966777347.0,,1966777347,True,False
2019323139,Erhan Oztop,2150017745.0,,2150017745,True,False
2019323139,James Bonaiuto,2311822949.0,,2311822949,True,False
2019323139,James Gordon,2116304430.0,,2116304430,True,False
2039465881,Fred P. Davis,2146557992.0,,2146557992,True,False
2058153190,Elaine Meng,3115879294.0,,3115879294,True,False
2152075122,H. Rosie Xing,2059035316.0,,2059035316,True,False
2151707732,Haruhito Horita,2141096545.0,,2141096545,True,False
1986887287,Daan Frenkel,2134379713.0,,2134379713,True,False
1973613062,Wulfram Gerstner,140604920.0,,140604920,True,False
2167764944,Tianxi Cai,2156482873.0,,2156482873,True,False
1995452806,R. Beltrami,2900354430.0,,2900354430,True,False
2140503409,Mark Diekhans,694919984.0,,694919984,True,False
2022394456,Svenja Bossard,2801546062.0,,2801546062,True,False
2037512713,Arthur Goldsipe,2219303541.0,,2219303541,True,False
2151949149,Christoph Dieterich,2084769255.0,,2084769255,True,False
2151949149,Detlef Weigel,2171817502.0,,2171817502,True,False
2151949149,Eleazar Eskin,642640030.0,,642640030,True,False
1979155817,Yu-Mei Tan,2617537819.0,,2617537819,True,False
2084513007,Jurgen Vercauteren,2170048184.0,,2170048184,True,False
2088267428,Hervé Bourhy,1984084835.0,,1984084835,True,False
2024854102,Amanda Albazerchi,2602643595.0,,2602643595,True,False
2024854102,Judith Kimble,2147530431.0,,2147530431,True,False
2042065803,Hao Chen,2495347725.0,,2495347725,True,False
2042065803,Lu Wang,3210331338.0,,3210331338,True,False
2042065803,Zhenming Liu,2892649267.0,,2892649267,True,False
1993729330,Alex Lewis,2043619723.0,,2043619723,True,False
1993729330,Nathalie Guyader,1993972365.0,,1993972365,True,False
1993729330,Neil Burgess,2137292152.0,,2137292152,True,False
1993729330,Peter Dayan,2057359516.0,,2057359516,True,False
2131253190,Shaun Mahony,2145864826.0,,2145864826,True,False
2148812002,Don Klinkenberg,2051407482.0,,2051407482,True,False
2017815264,Ido Pen,2310863463.0,,2310863463,True,False
2017815264,Stephen Davis,2478123010.0,,2478123010,True,False
2070422630,Grace John-Stewart,336863794.0,,336863794,True,False
2025773285,Gennady Margolin,2120078210.0,,2120078210,True,False
1970486372,Mike Levine,2764288504.0,,2764288504,True,False
2051719617,Tara Martin,2604546563.0,,2604546563,True,False
1982411556,Mihai Pop,2177091684.0,,2177091684,True,False
1982411556,Neil Hall,2239928900.0,,2239928900,True,False
2110175019,Ben-Yang Liao,2145576998.0,,2145576998,True,False
1980186994,Wenfeng Qian,2118225204.0,,2118225204,True,False
1980186994,Zhi Wang,2431461267.0,,2431461267,True,False
1965650717,Hidetoshi Urakubo,60175804.0,,60175804,True,False
1965650717,Kazuhiro Fujita,2870279757.0,,2870279757,True,False
1965650717,Satoru Sasagawa,2071252247.0,,2071252247,True,False
1965650717,Yuya Terashima,1997186930.0,,1997186930,True,False
2064811099,Azusa Fujimoto,2298957663.0,,2298957663,True,False
2064811099,Kei Ito,2285696409.0,,2285696409,True,False
2064811099,Mineko Kengaku,236850830.0,,236850830,True,False
2064811099,Shuji Ishihara,2143739782.0,,2143739782,True,False
2064811099,Takashi Shimada,2274116955.0,,2274116955,True,False
2136707328,Barbara Hutter,2082406207.0,,2082406207,True,False
2136707328,Joachim Büch,1965911621.0,,1965911621,True,False
2136707328,Jörg Rahnenführer,338696361.0,,338696361,True,False
1973555128,Jörg Rahnenführer,338696361.0,,338696361,True,False
2136707328,Konstantin Halachev,49743104.0,,49743104,True,False
1973555128,Adrian Alexa,2129122817.0,,2129122817,True,False
1973555128,Hagen Blankenburg,2059754396.0,,2059754396,True,False
2061142561,F. Steven Korte,2117048488.0,,2117048488,True,False
2061142561,Kareen L. Kreutziger,1576792945.0,,1576792945,True,False
2061142561,Tyson L. Hedrick,2063770176.0,,2063770176,True,False
2134103459,Yves Burnod,2131269327.0,,2131269327,True,False
2078872825,A. Daniel,3070442889.0,,3070442889,True,False
2078872825,Shiwei Zhu,2587588112.0,,2587588112,True,False
2151646205,Christopher Reeder,2145090021.0,,2145090021,True,False
2151646205,Timothy Danford,2009593527.0,,2009593527,True,False
2018795316,Issy Segal,2883133994.0,,2883133994,True,False
2047433701,Saurabh Paliwal,2136122244.0,,2136122244,True,False
2079030539,Michael Rosbash,2198004680.0,,2198004680,True,False
2003657279,Christopher A. Maxwell,2468666467.0,,2468666467,True,False
1979132333,Tony Lewis,2197742004.0,,2197742004,True,False
2092755129,S. Kliche,3072819068.0,,3072819068,True,False
2092755129,X. Wang,3058339857.0,,3058339857,True,False
2083786039,Regina Samaga,2250531293.0,,2250531293,True,False
1991917050,Ryan Ritterson,2402992062.0,,2402992062,True,False
2163170674,Hans-Rudolf Lüscher,2286482215.0,,2286482215,True,False
2152787094,Robert Urbanczik,1248389462.0,,1248389462,True,False
2089610798,Harry Shamoon,1798388410.0,,1798388410,True,False
2119811786,Ron Milo,2200137649.0,,2200137649,True,False
1965667048,Eli Brenner,2123250354.0,,2123250354,True,False
1965667048,Marije van Beilen,2035933518.0,,2035933518,True,False
1965667048,Tony Vladusich,2251070346.0,,2251070346,True,False
2164925597,Mathieu Coppey,2785715427.0,,2785715427,True,False
2137522673,Peter Ghazal,680589137.0,,680589137,True,False
2067963143,Lorenzo Baldacci,2247628711.0,,2247628711,True,False
1976740036,Claudio Valverde,2112806861.0,,2112806861,True,False
1976740036,Daniel Ghiringhelli,3211301692.0,,3211301692,True,False
1976740036,Nicolas Palopoli,2412536469.0,,2412536469,True,False
2081702026,Angela Krämer,2285529718.0,,2285529718,True,False
2016424457,Rossana García,2144751178.0,,2144751178,True,False
2106948112,David Welch,2123018812.0,,2123018812,True,False
2078648503,Eshel Ben-Jacob,303367259.0,,303367259,True,False
2136424751,Jaime de la Rocha,2168111378.0,,2168111378,True,False
2136424751,Taro Toyoizumi,1928016364.0,,1928016364,True,False
1986332874,Douglas A. Lauffenburger,112841968.0,,112841968,True,False
2067847812,Julijana Gjorgjieva,262961150.0,,262961150,True,False
2157937240,Paul Milligan,2330286614.0,,2330286614,True,False
2032690351,Andrew Bisson,2518624495.0,,2518624495,True,False
2079427367,Heping Cheng,2440571144.0,,2440571144,True,False
2147418207,Heping Cheng,2440571144.0,,2440571144,True,False
2079427367,Shuqi Zhao,2643738498.0,,2643738498,True,False
2079427367,Zhiyu Peng,3014623784.0,,3014623784,True,False
2147418207,Louis Tao,2145151200.0,,2145151200,True,False
2019403801,Douglas Steele,2275812952.0,,2275812952,True,False
2019403801,Jonathan Williams,3025025559.0,,3025025559,True,False
2019403801,Michael Moutoussis,2558443771.0,,2558443771,True,False
1970070519,Moshe Oren,2144145400.0,,2144145400,True,False
2086484099,Georgi Gamkrelidze,2261120287.0,,2261120287,True,False
2070270390,Andreas Rosenwald,2097203741.0,,2097203741,True,False
2070270390,Stefan Bentink,183327741.0,,183327741,True,False
2025091349,Heike Hall,2115809735.0,,2115809735,True,False
2025091349,John Saeger,2097230629.0,,2097230629,True,False
2144161366,Youssef Barhomi,2421396860.0,,2421396860,True,False
2021244362,Erez Braun,2141034159.0,,2141034159,True,False
1980477804,Erez Braun,2141034159.0,,2141034159,True,False
1980477804,Ron Meir,2015383761.0,,2015383761,True,False
2017207945,Iman Famili,2408740253.0,,2408740253,True,False
2030987017,Hans Reinke,1973877903.0,,1973877903,True,False
2030221612,Bharathi Jagadeesh,2952031054.0,,2952031054,True,False
2159532448,Andres Torres,2423024936.0,,2423024936,True,False
2159532448,Derek Barclay,2151087088.0,,2151087088,True,False
2159532448,Gilles Clermont,2099402891.0,,2099402891,True,False
2159532448,Juan Carlos Puyana,2613258677.0,,2613258677,True,False
2159532448,Katherine Verdolini,2785845171.0,,2785845171,True,False
2159532448,Sven Zenker,2019203339.0,,2019203339,True,False
1988402216,Ajith Harish,2574464982.0,,2574464982,True,False
2064203456,Elisha Moses,2112123438.0,,2112123438,True,False
2064203456,Roy Bar-Ziv,2160877704.0,,2160877704,True,False
2064203456,Shalev Itzkovitz,688088336.0,,688088336,True,False
2073495809,Bernhard Egwolf,2308122729.0,,2308122729,True,False
2073495809,Deniz Sezer,2014959253.0,,2014959253,True,False
2140503409,Zafer Aydin,2739040474.0,,2739040474,True,False
2018567038,Stig Larsen,2167346009.0,,2167346009,True,False
2073509725,J. R. McIntosh,2552141870.0,,2552141870,True,False
2073509725,S. V. Komarova,3176664544.0,,3176664544,True,False
2087838571,Jan Saam,2197300578.0,,2197300578,True,False
2087838571,Sascha Bulik,2054296574.0,,2054296574,True,False
2138991775,Booil Jo,2125363634.0,,2125363634,True,False
1989119979,Lin Wang,2632745118.0,,2632745118,True,False
1989119979,Lora Bagryanova,888989702.0,,888989702,True,False
2040527293,Giulietta Spudich,17877556.0,,17877556,True,False
1966574758,Yoram Louzoun,224194501.0,,224194501,True,False
2154279541,V. Ovchinnikov,2814006177.0,,2814006177,True,False
1983493033,Jos Boekhorst,2284460053.0,,2284460053,True,False
2035496934,Jos Boekhorst,2284460053.0,,2284460053,True,False
1983493033,Vera van Noort,2145607305.0,,2145607305,True,False
2029611195,Alessandro Nonis,2023107771.0,,2023107771,True,False
1997828676,Hilda David-Eden,273886799.0,,273886799,True,False
1997828676,Martin Akerman,2559137401.0,,2559137401,True,False
2037980409,Brian Weiner,2155951408.0,,2155951408,True,False
2037980409,Einat Sprinzak,2429374959.0,,2429374959,True,False
2037980409,Jeremy Zucker,2016435121.0,,2016435121,True,False
2037980409,Markus Kaufmann,2042111128.0,,2042111128,True,False
2062678911,Adrian Schreyer,2041876514.0,,2041876514,True,False
2062678911,Semin Lee,2111420953.0,,2111420953,True,False
2064323353,Elisa Kannegaard,661508666.0,,661508666,True,False
2064323353,Hao Li,2748662799.0,,2748662799,True,False
2162669522,Eliana Abdelhay,2152395306.0,,2152395306,True,False
2024853796,Géraldine Jean,2304313729.0,,2304313729,True,False
2024853796,Nicolás Loira,1640711535.0,,1640711535,True,False
2105629828,Doug Erwin,2161799230.0,,2161799230,True,False
1976692246,Yuval Hart,2162129381.0,,2162129381,True,False
1986444584,Yuval Hart,2162129381.0,,2162129381,True,False
1976692246,Anat Bren,2159402342.0,,2159402342,True,False
1976692246,Avi Mayo,2163463339.0,,2163463339,True,False
1976692246,Nadav Kashtan,368345771.0,,368345771,True,False
1969014740,Laurent Laplaze,80853742.0,,80853742,True,False
1969014740,Olivier Hamant,261486851.0,,261486851,True,False
1969014740,Vincent Mirabet,2015758316.0,,2015758316,True,False
2116533103,Chris Frith,3097057751.0,,3097057751,True,False
2116533103,Jérémie Mattout,1786670447.0,,1786670447,True,False
2116533103,Katharina von Kriegstein,200758079.0,,200758079,True,False
2116533103,Sven Bestmann,1485764668.0,,1485764668,True,False
2127978988,Ben Seymour,2117357434.0,,2117357434,True,False
2127978988,Jean Daunizeau,1276936747.0,,1276936747,True,False
1997497517,David Burstein,1625712329.0,,1625712329,True,False
1997497517,Eyal Privman,1781899684.0,,1781899684,True,False
1997497517,Nicolas Lartillot,564542596.0,,564542596,True,False
2099755580,Justin Dauwels,2076007607.0,,2076007607,True,False
2099755580,Shigeyuki Oba,2160356187.0,,2160356187,True,False
2128855005,James Sharpe,2600725068.0,,2600725068,True,False
2022851401,James Sharpe,2480433970.0,,2480433970,True,False
1990268360,Ana Vila Verde,2196125127.0,,2196125127,True,False
2040270003,Andreas Kämper,2131698098.0,,2131698098,True,False
2117261424,Kristen Summerhurst,691699063.0,,691699063,True,False
2062151959,Eric Karsenti,1996052761.0,,1996052761,True,False
2042730255,Yann Ponty,1210759466.0,,1210759466,True,False
1986656046,Patrick F. Suthers,217024006.0,,217024006,True,False
2134409846,Alicia Soriano,3210669739.0,,3210669739,True,False
2026724593,Monica Berrondo,2622421258.0,,2622421258,True,False
2026724593,Robert Schleif,2070107780.0,,2070107780,True,False
2026724593,Sidhartha Chaudhury,2019235236.0,,2019235236,True,False
2022851401,Anton Crombach,1885638835.0,,1885638835,True,False
2022851401,Luke Jostins,2037755903.0,,2037755903,True,False
2119728532,Bernd Markert,2053749314.0,,2053749314,True,False
2119728532,Gerrit Groenhof,1550523842.0,,1550523842,True,False
1982168843,Noah Zaitlen,1976182820.0,,1976182820,True,False
1966181675,Sandrine Ruffel,2289049788.0,,2289049788,True,False
1983142511,Matthieu Pichaud,2023163773.0,,2023163773,True,False
2045187563,Ophélie Ronce,2227467642.0,,2227467642,True,False
1965005960,Leon Danon,1913813444.0,,1913813444,True,False
1965005960,Thomas House,2038888374.0,,2038888374,True,False
2015662113,David Nordsletten,1937388467.0,,1937388467,True,False
2079572258,Jengnan Tzeng,2148245755.0,,2148245755,True,False
2079572258,Tai-Been Chen,3018338345.0,,3018338345,True,False
2079572258,Zhenglong Gu,2116494126.0,,2116494126,True,False
2120744225,Petr Kulhánek,1817599763.0,,1817599763,True,False
1998529967,Adam Bjork,2117685036.0,,2117685036,True,False
1998529967,Michael J. Sanderson,2306795477.0,,2306795477,True,False
2159549823,Alecia C. Vogel,2099565897.0,,2099565897,True,False
2159549823,Steven M. Nelson,2099455753.0,,2099455753,True,False
1994206557,Bernd Lentes,2343185806.0,,2343185806,True,False
1994206557,Carsten Marr,2155322050.0,,2155322050,True,False
2153527981,Ziming Weng,2117916523.0,,2117916523,True,False
2064173421,Chia-San Hsieh,2141810320.0,,2141810320,True,False
2006103778,Catherine Etchebest,66964901.0,,66964901,True,False
2059941787,Zheng Wang,2883751861.0,,2883751861,True,False
2013493447,Christiane Hilgardt,2052455698.0,,2052455698,True,False
2041563141,Paolo Viviani,1997278439.0,,1997278439,True,False
2041563141,Quang-Cuong Pham,2199275333.0,,2199275333,True,False
2095238541,Jason Friedman,2206853347.0,,2206853347,True,False
1971234129,Federico Goodsaid,1262329606.0,,1262329606,True,False
1971234129,Kejian Wang,2441983827.0,,2441983827,True,False
2075897300,Scott H. Harrison,2162718629.0,,2162718629,True,False
2065919348,Rolando Hong,2522949077.0,,2522949077,True,False
2139513028,Kittel Austvoll,2313247843.0,,2313247843,True,False
2139513028,Sven Schrader,3175206758.0,,3175206758,True,False
2077631777,Haixu Tang,2133596931.0,,2133596931,True,False
2052326112,Maurine Neiman,2196614466.0,,2196614466,True,False
2056836654,David Broadhurst,2419939620.0,,2419939620,True,False
2056836654,Micha Bayer,2568509935.0,,2568509935,True,False
2052257078,Tom Lenaerts,2017269535.0,,2017269535,True,False
2055823413,Ingemar André,2073621548.0,,2073621548,True,False
2063980568,Alejandro Panjkovich,2190891548.0,,2190891548,True,False
2063980568,Andreas Zanzoni,94529818.0,,94529818,True,False
2151227169,Kevin Bryson,2062600239.0,,2062600239,True,False
2151227169,Lounès Chikhi,187771343.0,,187771343,True,False
2151227169,Norbert Benecke,227898438.0,,227898438,True,False
2151227169,Pascale Gerbault,2084608246.0,,2084608246,True,False
1997225761,Douglas Jones,2108207469.0,,2108207469,True,False
2037340617,Patrick Cavanagh,2102151894.0,,2102151894,True,False
2037340617,Pedro Cardoso-Leite,1987749061.0,,1987749061,True,False
2117700851,Michael Dore,2585098076.0,,2585098076,True,False
2057731555,Carmen Raventos-Suarez,3201332250.0,,3201332250,True,False
2057731555,Charles A. Tilford,2699588818.0,,2699588818,True,False
2057731555,Tai W. Wong,2809956760.0,,2809956760,True,False
2117815893,Chenggang Yu,2123807554.0,,2123807554,True,False
2092026469,Najaf A. Shah,2155809260.0,,2155809260,True,False
2006289774,Andrew Davison,3183219074.0,,3183219074,True,False
2006289774,Gabriel Peyré,1901668843.0,,1901668843,True,False
2137402314,Charles Godfray,2102293648.0,,2102293648,True,False
2022616786,Bart Staker,2944233202.0,,2944233202,True,False
2022616786,Robin Stacy,2112952947.0,,2112952947,True,False
2001221216,Gerda de Vries,2113219899.0,,2113219899,True,False
2001221216,Gustavo Carrero,2137614465.0,,2137614465,True,False
2001221216,Vishaal Rajani,2117305584.0,,2117305584,True,False
2143881247,David Depoil,2304393399.0,,2304393399,True,False
2143881247,Milos Aleksic,2020752898.0,,2020752898,True,False
2098560585,Juliann Chmielecki,2015866540.0,,2015866540,True,False
1979892077,Amy Winans,2198138064.0,,2198138064,True,False
1979892077,Milos Galic,2468332437.0,,2468332437,True,False
2148521729,Frank Gibson,2299167960.0,,2299167960,True,False
2148521729,Kimmen Sjölander,1987016980.0,,1987016980,True,False
1967644266,Ce-Belle Chen,2230296264.0,,2230296264,True,False
2141894068,Russ B. Altman,2116233846.0,,2116233846,True,False
1984789788,Purvesh Khatri,2120289129.0,,2120289129,True,False
2101831420,Osvaldo Ulloa,2165343730.0,,2165343730,True,False
2015645698,Peng Jiang,2288981522.0,,2288981522,True,False
2046417832,John Dunbar,2127761039.0,,2127761039,True,False
2070601597,Jonathan Aow,2028730215.0,,2028730215,True,False
2140116490,Yinyin Yuan,2097346917.0,,2097346917,True,False
1965045549,Brandon Dean,2121515400.0,,2121515400,True,False
2046302208,Augustin Luna,2168500568.0,,2168500568,True,False
1981002338,Armindo Salvador,2098358138.0,,2098358138,True,False
2058276262,Abhinav Tiwari,2603309641.0,,2603309641,True,False
2058276262,Jatin Narula,2160850336.0,,2160850336,True,False
1966390421,Lucia H. Seyfarth,2416346519.0,,2416346519,True,False
2095433609,Brigitte Kahn-Perlès,1550693068.0,,1550693068,True,False
2095433609,Luca Grieco,2037175008.0,,2037175008,True,False
2145218186,Lena Nekludova,,1991417625.0,1991417625,False,True
2088922607,Bruce Stillman,,2160703791.0,2160703791,False,True
2088922607,M. K. Raghuraman,,2063095141.0,2063095141,False,True
1992487208,William Margolin,,2277277389.0,2277277389,False,True
2100638490,Fan Hsu,,2304263770.0,2304263770,False,True
2100638490,Hiram Clawson,,2142108848.0,2142108848,False,True
2035870495,Brian Ingalls,,2064502741.0,2064502741,False,True
2035870495,Sandeep Somani,,1957026257.0,1957026257,False,True
2035870495,Tan Chee Meng,,2145695170.0,2145695170,False,True
2114671460,Antoine Danchin,,2011207290.0,2011207290,False,True
2024598727,Michal Harel,,2066151539.0,2066151539,False,True
2154031143,Peter Schuster,,2109910299.0,2109910299,False,True
2032603300,Tamayo Uechi,,3030662766.0,3030662766,False,True
2072999024,Günther Schütz,,2084983914.0,2084983914,False,True
2036431283,Ady Vaknin,,2460089996.0,2460089996,False,True
2036431283,Thomas S. Shimizu,,2174493122.0,2174493122,False,True
2036431283,Victor Sourjik,,159370008.0,159370008,False,True
2308740962,Ady Vaknin,,2460089996.0,2460089996,False,True
2308740962,Dennis Bray,,2267325996.0,2267325996,False,True
2026558873,Ady Vaknin,,2460089996.0,2460089996,False,True
2026558873,Dennis Bray,,2267325996.0,2267325996,False,True
2026558873,Victor Sourjik,,159370008.0,159370008,False,True
2112559518,Dennis Bray,,2267325996.0,2267325996,False,True
2083193004,Joseph Schlessinger,,2100194002.0,2100194002,False,True
2094005653,István Simon,,2113089077.0,2113089077,False,True
2094005653,Jaime Prilusky,,290807635.0,290807635,False,True
2081755001,David Haussler,,2051598476.0,2051598476,False,True
2047755723,Elena Rivas,,2495015585.0,2495015585,False,True
2047755723,Eric Westhof,,71275704.0,71275704,False,True
2106986641,Margaret D. Brown,,2122581595.0,2122581595,False,True
2106986641,Olga Hudlicka,,102552539.0,102552539,False,True
2106986641,Patricia A. D'Amore,,1585751981.0,1585751981,False,True
2007207845,Hajime Tei,,3037889709.0,3037889709,False,True
2007207845,Juergen Ripperger,,2082258893.0,2082258893,False,True
2007207845,Maki Kaneko,,2308094522.0,2308094522,False,True
2007207845,Ueli Schibler,,543322573.0,543322573,False,True
1980096296,Christoph Hauert,,2101659462.0,2101659462,False,True
2128674962,Dan Bolser,,2641990128.0,2641990128,False,True
2077406048,Denis Hervé,,2095677930.0,2095677930,False,True
2077406048,Kazunari Kaizu,,2001264856.0,2001264856,False,True
2077406048,Kouichi Takahashi,,2196580519.0,2196580519,False,True
2092409386,Yoh Iwasa,,1964492133.0,1964492133,False,True
2151949149,Anthony Rogers,,2159777035.0,2159777035,False,True
2151949149,Broňa Brejová,,2088999194.0,2088999194,False,True
2151949149,Tomáš Vinař,,301631742.0,301631742,False,True
2061579713,Rama Ranganathan,,2342517591.0,2342517591,False,True
2084513007,Raj Shankarappa,,2309332657.0,2309332657,False,True
1966821124,Nir Friedman,,3175695968.0,3175695968,False,True
1966821124,Joel Stavans,,278938027.0,278938027,False,True
2023004141,William Bialek,,2576426164.0,2576426164,False,True
2147820474,Nily Dan,,2109078354.0,2109078354,False,True
2147820474,Sergei Sukharev,,2461005825.0,2461005825,False,True
2061142561,Daniel A. Beard,,2135719953.0,2135719953,False,True
2080687826,Emil F. Pai,,2135039099.0,2135039099,False,True
2080687826,Joseph J. Barycki,,91611737.0,91611737,False,True
2040657708,Ansgar Büschges,,2107675686.0,2107675686,False,True
1964821708,Alfonso Renart,,230796196.0,230796196,False,True
2045864964,Bjarne Knudsen,,2117572105.0,2117572105,False,True
2045864964,Elena Rivas,,2495015585.0,2495015585,False,True
2100039848,Elena Rivas,,2495015585.0,2495015585,False,True
1977596205,Ranjan Mukhopadhyay,,2223447372.0,2223447372,False,True
1977596205,Run-Zhi Lai,,2120840200.0,2120840200,False,True
2099775102,Michael Rosbash,,2198004680.0,2198004680,False,True
2043366372,Hong Qian,,2139598642.0,2139598642,False,True
2112029566,Tilmann Weber,,2211543134.0,2211543134,False,True
1972476431,Tzvika Hartman,,2169583418.0,2169583418,False,True
2167764944,Eran Segal,,2152109806.0,2152109806,False,True
2167764944,Ilya Ioshikhes,,2568290282.0,2568290282,False,True
2167764944,Istvan Albert,,2102127861.0,2102127861,False,True
2060200435,Paul Miller,,2146804794.0,2146804794,False,True
2106948112,John Molitor,,2685658993.0,2685658993,False,True
2087519015,Annette Baudisch,,2172197307.0,2172197307,False,True
2147418207,Chun-Ting Zhang,,2121581462.0,2121581462,False,True
2147418207,Ying Xu,,2671478923.0,2671478923,False,True
1970070519,Nitzan Rosenfeld,,2778263583.0,2778263583,False,True
1980020927,Joshua A. Solomon,,2139659952.0,2139659952,False,True
1993755899,K. Bretonnel Cohen,,2162530571.0,2162530571,False,True
2070270390,Anja von Heydebreck,,2969411182.0,2969411182,False,True
2072708674,Rand R. Wilcox,,2095796962.0,2095796962,False,True
2026942141,J. Mutch,,2974336463.0,2974336463,False,True
1972815966,H. S. Seung,,3197508229.0,3197508229,False,True
2076729646,Adam Eyre-Walker,,1706293412.0,1706293412,False,True
2064203456,Catherine L. Squires,,2304819647.0,2304819647,False,True
2064203456,Maarten H. de Smit,,2154769340.0,2154769340,False,True
2064203456,Michael L. Shuler,,2144069732.0,2144069732,False,True
2044719823,John Palmer,,2169227918.0,2169227918,False,True
2074040903,H. Kitano,,2821189823.0,2821189823,False,True
2082948758,Markus W. Covert,,1748710400.0,1748710400,False,True
2023635398,Martin Kreitman,,1535932177.0,1535932177,False,True
1965050350,Tushar Bhangale,,1986591099.0,1986591099,False,True
2027517938,Daniela Fischer,,2105980618.0,2105980618,False,True
2027517938,Marco D. Mukrasch,,305586255.0,305586255,False,True
2068394816,Eduardo Perozo,,228296057.0,228296057,False,True
2040575110,Kara Dolinski,,1993813783.0,1993813783,False,True
2033950949,Kevin Emamy,,43349662.0,43349662,False,True
2033950949,Martin Flack,,2585313209.0,2585313209,False,True
2033950949,Richard Cameron,,2689150759.0,2689150759,False,True
2033950949,Tim O'Reilly,,2003320274.0,2003320274,False,True
2033950949,Timo Hannay,,2987192536.0,2987192536,False,True
2164025376,Henrik Nielsen,,2494357043.0,2494357043,False,True
2053575414,Jennifer L. Reed,,2139351304.0,2139351304,False,True
2053575414,Linda J. Broadbelt,,375567618.0,375567618,False,True
2128790805,Charles Nicholson,,2100328880.0,2100328880,False,True
2073771756,Mei Hong,,2104743741.0,2104743741,False,True
2038040704,Anne Auger,,2159889819.0,2159889819,False,True
2038040704,David Shore,,1986801594.0,1986801594,False,True
2038040704,Kevin Struhl,,1652467557.0,1652467557,False,True
2038040704,Petros Koumoutsakos,,2148124563.0,2148124563,False,True
2038040704,Philippe Chatelain,,2909668705.0,2909668705,False,True
2036295113,Steven A. Siegelbaum,,346576393.0,346576393,False,True
2035510680,Edwin Munro,,2126455550.0,2126455550,False,True
2035510680,George von Dassow,,181353347.0,181353347,False,True
2010816206,Gideon Dror,,1992641199.0,1992641199,False,True
1995278079,Elizabeth Wardrop,,2294594435.0,2294594435,False,True
2119728532,Jasna Brujic,,1177367864.0,1177367864,False,True
2005143264,Morten Nielsen,,2490317337.0,2490317337,False,True
2141562981,Stefan Washietl,,1982537405.0,1982537405,False,True
2141562981,Zizhen Yao,,2129430196.0,2129430196,False,True
2090375041,Yang Dan,,2421417757.0,2421417757,False,True
2036242330,Renato Barbosa Reis,,2136133823.0,2136133823,False,True
2079572258,Kwang-Il Goh,,2435970296.0,2435970296,False,True
2079572258,Marc Vidal,,2212978525.0,2212978525,False,True
1998529967,Philippe Lemey,,549997522.0,549997522,False,True
2036426301,Arnd Roth,,2104696144.0,2104696144,False,True
2083786039,Florian Blöchl,,1963518260.0,1963518260,False,True
1970978593,Wei-Qiang Gao,,2112763361.0,2112763361,False,True
2064173421,James Jaggers,,2145766125.0,2145766125,False,True
1992906130,Joanna Masel,,2182254403.0,2182254403,False,True
2099940393,Jean-Luc Schwartz,,2139402303.0,2139402303,False,True
2099940393,Jon Barker,,2171655397.0,2171655397,False,True
1973763912,Isabelle Guyon,,2063782688.0,2063782688,False,True
2065919348,David Chandler,,2192594808.0,2192594808,False,True
2141154417,Andrzej Kudlicki,,2052193781.0,2052193781,False,True
2052257078,Bernd Bukau,,2980592279.0,2980592279,False,True
2160229405,Simon Tavaré,,181725900.0,181725900,False,True
2151227169,Charlotte Mulcare,,2706669460.0,2706669460,False,True
1985048498,Anil K. Mehta,,2349450775.0,2349450775,False,True
1985048498,David G. Lynn,,2298573283.0,2298573283,False,True
2110534399,Frank Alber,,2288529012.0,2288529012,False,True
2006289774,Philippe Ciuciu,,2917196880.0,2917196880,False,True
2102308000,Peter G. Stockley,,2139867280.0,2139867280,False,True
2067847812,Uwe Drescher,,2095512213.0,2095512213,False,True
2025933288,Nancy Kopell,,714260197.0,714260197,False,True
2128149358,Daniel Kerschensteiner,,2070358959.0,2070358959,False,True
2086682684,Sui Huang,,2163703680.0,2163703680,False,True
2046302208,Paul Brazhnik,,2003347780.0,2003347780,False,True
2022436525,Robert Tycko,,218905929.0,218905929,False,True
2145218186,Yoseph Barash,2103482019.0,2103482019.0,2103482019,True,True
2105003357,Yoseph Barash,2103482019.0,2103482019.0,2103482019,True,True
2034469541,Gustavo Stolovitzky,2029563386.0,2029563386.0,2029563386,True,True
2019094970,Måns Ehrenberg,1964708787.0,1964708787.0,1964708787,True,True
1992487208,Måns Ehrenberg,1964708787.0,1964708787.0,1964708787,True,True
1975981804,Lior Pachter,2010759395.0,2010759395.0,2010759395,True,True
1975981804,Nicolas Bray,2112635063.0,2112635063.0,2112635063,True,True
2000333942,Kirsty Grant,2147448061.0,2147448061.0,2147448061,True,True
2036431283,Dennis Bray,2267325996.0,2267325996.0,2267325996,True,True
2085708372,Sima Misra,2461154083.0,2461154083.0,2461154083,True,True
2276605232,Christopher J. Mungall,575195435.0,575195435.0,575195435,True,True
2276605232,Doug Howe,2103839248.0,2103839248.0,2103839248,True,True
2276605232,J. Michael Cherry,2104128606.0,2104128606.0,2104128606,True,True
2276605232,Judith A. Blake,2240988444.0,2240988444.0,2240988444,True,True
2276605232,Kara Dolinski,1993813783.0,1993813783.0,1993813783,True,True
2276605232,Kimberly Van Auken,2144839305.0,2144839305.0,2144839305,True,True
2276605232,Li Ni,2312115845.0,2312115845.0,2312115845,True,True
2276605232,Michael Ashburner,722511816.0,722511816.0,722511816,True,True
1978655151,Michael Ashburner,722511816.0,722511816.0,722511816,True,True
2276605232,Pascale Gaudet,2419836275.0,2419836275.0,2419836275,True,True
2276605232,Petra Fey,1989027375.0,1989027375.0,1989027375,True,True
2276605232,Ranjana Kishore,2146963814.0,2146963814.0,2146963814,True,True
2276605232,Ruth C. Lovering,2282936248.0,2282936248.0,2282936248,True,True
2276605232,Seth Carbon,2114289465.0,2114289465.0,2114289465,True,True
2276605232,Stacia R. Engel,2149777856.0,2149777856.0,2149777856,True,True
2276605232,Susan Tweedie,2205020996.0,2205020996.0,2205020996,True,True
2276605232,Valerie Wood,2144585081.0,2144585081.0,2144585081,True,True
2276605232,Varsha K. Khodiyar,1991008115.0,1991008115.0,1991008115,True,True
2276605232,Victoria Petri,2107073660.0,2107073660.0,2107073660,True,True
2068204754,Jonathan A. Eisen,2059282826.0,2059282826.0,2059282826,True,True
1985563952,Michal Linial,2244668935.0,2244668935.0,2244668935,True,True
2071456231,Peter Hunter,2138372879.0,2138372879.0,2138372879,True,True
1995111069,Jianyi Zhang,2136112681.0,2136112681.0,2136112681,True,True
2035870495,Arun Krishnan,2282549119.0,2282549119.0,2282549119,True,True
2035870495,Francis Tang,2106311468.0,2106311468.0,2106311468,True,True
1980867345,Uriel Feige,672946669.0,672946669.0,672946669,True,True
2111729969,Eran Segal,2152109806.0,2152109806.0,2152109806,True,True
2044586667,Michael Gandolph,2607434266.0,2607434266.0,2607434266,True,True
1974974415,Alejandro Colman-Lerner,2305321618.0,2305321618.0,2305321618,True,True
1974974415,Koichi Takahashi,3164823946.0,3164823946.0,3164823946,True,True
1990429380,Tomer Shlomi,172881847.0,172881847.0,172881847,True,True
2000622980,Burkhard Rost,2001094594.0,2001094594.0,2001094594,True,True
2120744225,Burkhard Rost,2001094594.0,2001094594.0,2001094594,True,True
1990429380,Martin Kupiec,249516215.0,249516215.0,249516215,True,True
2001008407,Nir Ben-Tal,1341781754.0,1341781754.0,1341781754,True,True
1990429380,Stefan Schuster,2569839502.0,2569839502.0,2569839502,True,True
2033998937,Eric J. Vallender,2031899189.0,2031899189.0,2031899189,True,True
1981093360,Nir Friedman,2079978182.0,2079978182.0,2079978182,True,True
2001958743,Antonio Lazcano,2128522796.0,2128522796.0,2128522796,True,True
2001958743,Bernard Dujon,2017903836.0,2017903836.0,2017903836,True,True
2024853796,Bernard Dujon,2017903836.0,2017903836.0,2017903836,True,True
2032603300,Sayomi Higa,1978222604.0,1978222604.0,1978222604,True,True
1989846822,Ines Thiele,2015971504.0,2015971504.0,2015971504,True,True
2162666840,Neema Jamshidi,2022775796.0,2022775796.0,2022775796,True,True
1982147469,Joan Massagué,1907043153.0,1907043153.0,1907043153,True,True
2079643255,Lily Shiue,2049875428.0,2049875428.0,2049875428,True,True
2100668314,Kerstin Lindblad-Toh,713360227.0,713360227.0,713360227,True,True
2078562893,Leo Goodstadt,2440636262.0,2440636262.0,2440636262,True,True
1995397373,Lee Rowen,2303757364.0,2303757364.0,2303757364,True,True
2072999024,Bruce Beutler,2462711379.0,2462711379.0,2462711379,True,True
2072999024,Martin Korb,2162106290.0,2162106290.0,2162106290,True,True
2072999024,Shizuo Akira,2149472920.0,2149472920.0,2149472920,True,True
2072999024,Tsonwin Hai,2158392151.0,2158392151.0,2158392151,True,True
2166329493,Becca Asquith,2085380431.0,2085380431.0,2085380431,True,True
2054467356,Andrej Sali,2153528915.0,2153528915.0,2153528915,True,True
2023809988,Asim Siddiqui,3188043624.0,3188043624.0,3188043624,True,True
2036431283,Steven S. Andrews,2109832396.0,2109832396.0,2109832396,True,True
2048216066,Yue Lu,2652944969.0,2652944969.0,2652944969,True,True
1995404781,Matthew Bashton,189156805.0,189156805.0,189156805,True,True
2069291679,Lei Liu,2723366319.0,2723366319.0,2723366319,True,True
2056556558,Peter G. Wolynes,194157220.0,194157220.0,194157220,True,True
1976952616,Jinfeng Liu,2168337935.0,2168337935.0,2168337935,True,True
1976952616,Rolf Apweiler,332422508.0,332422508.0,332422508,True,True
2094005653,Andrew Kernytsky,1992765084.0,1992765084.0,1992765084,True,True
2094005653,Dariusz Przybylski,2161699419.0,2161699419.0,2161699419,True,True
2094005653,Guy Yachdav,4355877.0,4355877.0,4355877,True,True
2094005653,Zsuzsanna Dosztányi,1939496570.0,1939496570.0,1939496570,True,True
1992487208,Johan Hattne,1975410286.0,1975410286.0,1975410286,True,True
1992487208,Johan Paulsson,2165321996.0,2165321996.0,2165321996,True,True
1992451058,David Haussler,2051598476.0,2051598476.0,2051598476,True,True
2047755723,David Haussler,2051598476.0,2051598476.0,2051598476,True,True
1976408638,Mai Vo,2428725966.0,2428725966.0,2428725966,True,True
2048623398,Huanwang Yang,2138117532.0,2138117532.0,2138117532,True,True
2048623398,Shri Jain,2306409133.0,2306409133.0,2306409133,True,True
2048623398,Shuchismita Dutta,2193072087.0,2193072087.0,2193072087,True,True
2048623398,Zukang Feng,2110548782.0,2110548782.0,2110548782,True,True
2016685368,Sara Light,2160804328.0,2160804328.0,2160804328,True,True
2050611670,Gary A. Churchill,2469651998.0,2469651998.0,2469651998,True,True
2050611670,Ivan Iossifov,2343397243.0,2343397243.0,2343397243,True,True
1993119069,Bjoern Peters,2131637408.0,2131637408.0,2131637408,True,True
1993119069,Huynh-Hoa Bui,2105008076.0,2105008076.0,2105008076,True,True
1993119069,John Sidney,2001464627.0,2001464627.0,2001464627,True,True
1993119069,Muthu Sathiamurthy,1469976127.0,1469976127.0,1469976127,True,True
1993119069,Ward Fleri,1966256151.0,1966256151.0,1966256151,True,True
2106986641,Brian H. Annex,1836324289.0,1836324289.0,1836324289,True,True
2016275347,Anton M. Breure,2161690082.0,2161690082.0,2161690082,True,True
2016275347,Leo Posthuma,1894805909.0,1894805909.0,1894805909,True,True
2007207845,Hiroki R. Ueda,2153999443.0,2153999443.0,2153999443,True,True
2007207845,Paolo Sassone-Corsi,231437445.0,231437445.0,231437445,True,True
2007207845,Ralf Stanewsky,2477653581.0,2477653581.0,2477653581,True,True
2007207845,Shin Yamazaki,2170086111.0,2170086111.0,2170086111,True,True
2030987017,Ueli Schibler,543322573.0,543322573.0,543322573,True,True
2080632988,Annette Oxenius,63322318.0,63322318.0,63322318,True,True
1980096296,Hisashi Ohtsuki,2105610658.0,2105610658.0,2105610658,True,True
1980096296,Martin A. Nowak,2113748339.0,2113748339.0,2113748339,True,True
2075622473,Siming Li,3180437517.0,3180437517.0,3180437517,True,True
2044143372,Yigal Meir,2084344447.0,2084344447.0,2084344447,True,True
1977596205,Monica Skoge,2324655757.0,2324655757.0,2324655757,True,True
2147820474,Pierre Sens,2037070490.0,2037070490.0,2037070490,True,True
2067865468,Andrea Rossi,2917078478.0,2917078478.0,2917078478,True,True
2067865468,Ursula Pieper,2126051954.0,2126051954.0,2126051954,True,True
2058153190,Daniel Almonacid,3004791933.0,3004791933.0,3004791933,True,True
1973613062,Henry Markram,345355483.0,345355483.0,345355483,True,True
1973613062,Herbert Jaeger,2126056212.0,2126056212.0,2126056212,True,True
1973613062,Misha Tsodyks,394299864.0,394299864.0,394299864,True,True
1973613062,Stefan Haeusler,2136010184.0,2136010184.0,2136010184,True,True
2138214290,Wulfram Gerstner,140604920.0,140604920.0,140604920,True,True
2138214290,Abigail Morrison,2956114574.0,2956114574.0,2956114574,True,True
2138214290,Benjamin Schrauwen,2122775887.0,2122775887.0,2122775887,True,True
2138214290,David Verstraeten,2092720519.0,2092720519.0,2092720519,True,True
2138214290,Markus Diesmann,2090672980.0,2090672980.0,2090672980,True,True
2139513028,Markus Diesmann,2090672980.0,2090672980.0,2090672980,True,True
2039735678,Rong Chen,2138464312.0,2138464312.0,2138464312,True,True
2063980568,Zhiping Weng,2134189989.0,2134189989.0,2134189989,True,True
2117333258,Amos Maritan,859058238.0,859058238.0,859058238,True,True
2117333258,Flavio Seno,1377345091.0,1377345091.0,1377345091,True,True
2117333258,Sara Linse,144575702.0,144575702.0,144575702,True,True
2100638490,Ewan Birney,2158050569.0,2158050569.0,2158050569,True,True
2100638490,Mark Diekhans,694919984.0,694919984.0,694919984,True,True
2022394456,Christophe Dessimoz,213038050.0,213038050.0,213038050,True,True
2022394456,Dan Graur,83717594.0,83717594.0,83717594,True,True
2022394456,Manuel Gil,2183229231.0,2183229231.0,2183229231,True,True
2151949149,Alexander Zien,1572478601.0,1572478601.0,1572478601,True,True
2097936772,Alexander Zien,1572478601.0,1572478601.0,1572478601,True,True
2151949149,Koji Tsuda,1858955830.0,1858955830.0,1858955830,True,True
1992391009,Vladimir Jojic,1923115076.0,1923115076.0,1923115076,True,True
2029089605,Michelle J. Caguyong,1985426629.0,1985426629.0,1985426629,True,True
2007815184,Thomas Serre,2056941704.0,2056941704.0,2056941704,True,True
2144161366,Thomas Serre,2056941704.0,2056941704.0,2056941704,True,True
2001049251,Tomasz Róg,2116691361.0,2116691361.0,2116691361,True,True
2083192142,Fei Wang,2465953593.0,2465953593.0,2465953593,True,True
1981093360,Amir Ben-Dor,2097283738.0,2097283738.0,2097283738,True,True
2000619385,Bela Novak,2107516614.0,2107516614.0,2107516614,True,True
1971421727,Chao Tang,2599499350.0,2599499350.0,2599499350,True,True
2127978988,Peter Dayan,2057359516.0,2057359516.0,2057359516,True,True
2170157200,Dominic Rose,2227744129.0,2227744129.0,2227744129,True,True
2138739961,Nebojsa Jojic,2092023269.0,2092023269.0,2092023269,True,True
2078961083,Maria Kiskowski,2517018265.0,2517018265.0,2517018265,True,True
2025773285,Nan Chen,2250742129.0,2250742129.0,2250742129,True,True
2023004141,John A. White,2225029402.0,2225029402.0,2225029402,True,True
2069929317,R. Gallego,2635028248.0,2635028248.0,2635028248,True,True
1975896474,Eddo Kim,2120050076.0,2120050076.0,2120050076,True,True
2099249945,Lydie Bougueleret,194056592.0,194056592.0,194056592,True,True
2061142561,Alicia Moreno-Gonzalez,2722111372.0,2722111372.0,2722111372,True,True
2061142561,Donald A. Martyn,2108107404.0,2108107404.0,2108107404,True,True
2078880021,Sunil Ojha,2137954330.0,2137954330.0,2137954330,True,True
2040657708,Andre Seyfarth,2227734511.0,2227734511.0,2227734511,True,True
1978655151,Helen Parkinson,2046771686.0,2046771686.0,2046771686,True,True
2114094654,Elena Rivas,2495015585.0,2495015585.0,2495015585,True,True
2018795316,Julian Thomas,2322084415.0,2322084415.0,2322084415,True,True
2018795316,Takeshi Azuma,2077277216.0,2077277216.0,2077277216,True,True
2047433701,Andre Levchenko,2018880764.0,2018880764.0,2018880764,True,True
2011945420,Sarah Cobey,2052180754.0,2052180754.0,2052180754,True,True
2027542060,Dan Kirshner,1999735334.0,1999735334.0,1999735334,True,True
2015401980,Steffen Klamt,2097038584.0,2097038584.0,2097038584,True,True
2163170674,Enrique Pérez-Garci,2907164499.0,2907164499.0,2907164499,True,True
2089610798,Deborah Davidson,2303326251.0,2303326251.0,2303326251,True,True
2089610798,William Greiner,2570432886.0,2570432886.0,2570432886,True,True
2054520275,Webb Miller,2140452034.0,2140452034.0,2140452034,True,True
2100844932,Eli Brenner,2123250354.0,2123250354.0,2123250354,True,True
1965667048,Wei Ji Ma,2170921045.0,2170921045.0,2170921045,True,True
2161083217,Dale Purves,2129064463.0,2129064463.0,2129064463,True,True
1976740036,Julián Echave,1984437667.0,1984437667.0,1984437667,True,True
2081702026,Gideon Dreyfuss,131850648.0,131850648.0,131850648,True,True
1972476431,Glenn Tesler,2049305734.0,2049305734.0,2049305734,True,True
2109860416,Sian Jones,2331870299.0,2331870299.0,2331870299,True,True
2109860416,Tobias Sjöblom,2140099357.0,2140099357.0,2140099357,True,True
2110120522,Tibor Antal,2161938043.0,2161938043.0,2161938043,True,True
2048693040,William McGinnis,1839529595.0,1839529595.0,1839529595,True,True
2147214562,Florian Markowetz,331983460.0,331983460.0,331983460,True,True
2157937240,Hugh Reyburn,1932840343.0,1932840343.0,1932840343,True,True
2032690351,David Roland-Holst,742586107.0,742586107.0,742586107,True,True
2032690351,Joachim Otte,2444160201.0,2444160201.0,2444160201,True,True
2147418207,Chuan-Yun Li,2130402489.0,2130402489.0,2130402489,True,True
2147418207,Manyuan Long,2131659634.0,2131659634.0,2131659634,True,True
2147418207,Xiaocheng Gu,2165279935.0,2165279935.0,2165279935,True,True
1970070519,Andreas Doncic,25426405.0,25426405.0,25426405,True,True
2080948989,Michael Bada,2101354775.0,2101354775.0,2101354775,True,True
2072708674,Csaba Pál,2130121867.0,2130121867.0,2130121867,True,True
2144161366,Tomaso Poggio,693931197.0,693931197.0,693931197,True,True
2021244362,Naama Brenner,2009847150.0,2009847150.0,2009847150,True,True
1984193760,Rufin VanRullen,566490567.0,566490567.0,566490567,True,True
2030987017,Herman Wijnen,2103591035.0,2103591035.0,2103591035,True,True
2159532448,Angela Reynolds,2098614963.0,2098614963.0,2098614963,True,True
2159532448,Arie Baratt,3191065212.0,3191065212.0,3191065212,True,True
2159532448,Binnie Betten,1965465630.0,1965465630.0,1965465630,True,True
2159532448,Claudio Lagoa,2031081987.0,2031081987.0,2031081987,True,True
2159532448,David L. Steed,2276948013.0,2276948013.0,2276948013,True,True
2159532448,David Swigon,1782088235.0,1782088235.0,1782088235,True,True
2159532448,G. Bard Ermentrout,2188836188.0,2188836188.0,2188836188,True,True
2159532448,Ivan Yotov,2172596403.0,2172596403.0,2172596403,True,True
2159532448,Jose M. Prince,2552105104.0,2552105104.0,2552105104,True,True
2159532448,Joshua Sullivan,2282095035.0,2282095035.0,2282095035,True,True
2159532448,Judy Day,2154357947.0,2154357947.0,2154357947,True,True
2159532448,Mitchell P. Fink,2094510209.0,2094510209.0,2094510209,True,True
2159532448,Qi Mi,2079261854.0,2079261854.0,2079261854,True,True
2159532448,Ruben Zamora,2125480573.0,2125480573.0,2125480573,True,True
2159532448,Ryan M. Levy,2143938554.0,2143938554.0,2143938554,True,True
2159532448,Timothy R. Billiar,2198340562.0,2198340562.0,2198340562,True,True
2076729646,James W. Thomas,2419998883.0,2419998883.0,2419998883,True,True
1988402216,Hee Shin Kim,2243755343.0,2243755343.0,2243755343,True,True
1988402216,Minglei Wang,2110045761.0,2110045761.0,2110045761,True,True
2034388718,Yuji Ikegaya,1906566719.0,1906566719.0,1906566719,True,True
1964595381,Ann-Shyn Chiang,2033250585.0,2033250585.0,2033250585,True,True
2064203456,Erez Dekel,2152289664.0,2152289664.0,2152289664,True,True
2064203456,Uri Alon,2046927040.0,2046927040.0,2046927040,True,True
2113703074,Thomas Handorf,2067324809.0,2067324809.0,2067324809,True,True
2014594785,Trisha N. Davis,2126583749.0,2126583749.0,2126583749,True,True
1964710786,Alexander Stark,2165888443.0,2165888443.0,2165888443,True,True
1964710786,David DeCaprio,1995226239.0,1995226239.0,1995226239,True,True
2050284387,Timo Lassmann,1524700667.0,1524700667.0,1524700667,True,True
2017763850,Claus-Wilhelm von der Lieth,1963533511.0,1963533511.0,1963533511,True,True
2069792162,Luis Carvalho,2427085265.0,2427085265.0,2427085265,True,True
2082948758,Matthew A. Oberhardt,2312160716.0,2312160716.0,2312160716,True,True
2067803486,Christopher D. Paschall,2013927350.0,2013927350.0,2013927350,True,True
2067803486,William H. Guilford,2121042764.0,2121042764.0,2121042764,True,True
1989119979,Peter Langfelder,2452435.0,2452435.0,2452435,True,True
2040527293,Arek Kasprzyk,1970139505.0,1970139505.0,1970139505,True,True
2040527293,Damian Smedley,2247189593.0,2247189593.0,2247189593,True,True
2040527293,James Taylor,2895040106.0,2895040106.0,2895040106,True,True
2141690555,Nathan Palmer,2146306808.0,2146306808.0,2146306808,True,True
1966574758,Uri Hershberg,124808544.0,124808544.0,124808544,True,True
2035496934,Otto X. Cordero,2940747421.0,2940747421.0,2940747421,True,True
2029611195,Eugenio Montini,2266483375.0,2266483375.0,2266483375,True,True
2029611195,Fulvio Mavilio,2557867149.0,2557867149.0,2557867149,True,True
2043366372,Jimmy Woodson,2098432938.0,2098432938.0,2098432938,True,True
1999679442,Juan Gao,2158974780.0,2158974780.0,2158974780,True,True
2106199085,Charles D. Little,2130720819.0,2130720819.0,2130720819,True,True
2106199085,Stuart A. Newman,2144688082.0,2144688082.0,2144688082,True,True
2068394816,Sarel J. Fleishman,1996243058.0,1996243058.0,1996243058,True,True
2013207687,Corey Nislow,1752721138.0,1752721138.0,1752721138,True,True
2013207687,Guri Giaever,2032131839.0,2032131839.0,2032131839,True,True
2013207687,Jadine Paw,1987269652.0,1987269652.0,1987269652,True,True
2013207687,Michael Costanzo,2128706220.0,2128706220.0,2128706220,True,True
2062678911,Kenji Mizuguchi,2429448291.0,2429448291.0,2429448291,True,True
2062678911,Vijayalakshmi Chelliah,2059594095.0,2059594095.0,2059594095,True,True
2082294575,Lars Schwabe,2192692217.0,2192692217.0,2192692217,True,True
2162669522,John Reinitz,2051346211.0,2051346211.0,2051346211,True,True
2022851401,John Reinitz,2051346211.0,2051346211.0,2051346211,True,True
2162669522,Svetlana Surkova,2031381702.0,2031381702.0,2031381702,True,True
1964095953,Beverly Errede,2470345685.0,2470345685.0,2470345685,True,True
1986444584,Elad Noor,2169537530.0,2169537530.0,2169537530,True,True
1986444584,Merav Parter,2018138744.0,2018138744.0,2018138744,True,True
1969014740,Pradeep Das,2161002153.0,2161002153.0,2161002153,True,True
1969014740,Teva Vernoux,106091722.0,106091722.0,106091722,True,True
2149152815,Ilias Tachtsidis,242987837.0,242987837.0,242987837,True,True
1997497517,Itay Mayrose,283707518.0,283707518.0,283707518,True,True
2026234399,Richard Bourgon,1993093690.0,1993093690.0,1993093690,True,True
1990268360,Ivan Coluzza,120182274.0,120182274.0,120182274,True,True
1990268360,Michele Vendruscolo,2086024848.0,2086024848.0,2086024848,True,True
2050343160,Carlo Piermarocchi,2204662793.0,2204662793.0,2204662793,True,True
2009234149,Adrian Schneider,2241418371.0,2241418371.0,2241418371,True,True
2009234149,Alexander Roth,2156011990.0,2156011990.0,2156011990,True,True
2009234149,Gina Cannarozzi,2086117225.0,2086117225.0,2086117225,True,True
2093368239,Roger Patient,1852197518.0,1852197518.0,1852197518,True,True
2128790805,Juha Voipio,124017789.0,124017789.0,124017789,True,True
1989265176,John Wyller,1935670056.0,1935670056.0,1935670056,True,True
1989265176,Tom Tetzlaff,2944637747.0,2944637747.0,2944637747,True,True
2072013780,Anthony P. Burgard,2763851512.0,2763851512.0,2763851512,True,True
2026724593,Marc Ostermeier,2240609396.0,2240609396.0,2240609396,True,True
1967095911,Qiang Cui,2105648391.0,2105648391.0,2105648391,True,True
2022851401,Ekaterina Myasnikova,2132990048.0,2132990048.0,2132990048,True,True
2022851401,Maria Samsonova,1988696278.0,1988696278.0,1988696278,True,True
2119728532,Helmut Grubmüller,700801705.0,700801705.0,700801705,True,True
2074269844,Alessandro Laio,1628530126.0,1628530126.0,1628530126,True,True
2074269844,Fabrizio Marinelli,2609626860.0,2609626860.0,2609626860,True,True
2097164795,Johannes Buchner,2102812742.0,2102812742.0,2102812742,True,True
2097164795,Len Neckers,2461448281.0,2461448281.0,2461448281,True,True
2097164795,Mehdi Mollapour,26320577.0,26320577.0,26320577,True,True
2033047894,Florian Teichert,2033391190.0,2033391190.0,2033391190,True,True
2033047894,Markus Porto,2108926298.0,2108926298.0,2108926298,True,True
1985086740,Philipp Berens,2045372499.0,2045372499.0,2045372499,True,True
2010673044,Serge Thomas,2131692590.0,2131692590.0,2131692590,True,True
2057594534,Ron Elber,275272806.0,275272806.0,275272806,True,True
2079572258,Lior David,2142281033.0,2142281033.0,2142281033,True,True
2120744225,A. Keith Dunker,1725989357.0,1725989357.0,1725989357,True,True
2120744225,Christopher J. Oldfield,2293089189.0,2293089189.0,2293089189,True,True
2120744225,Monika Fuxreiter,178171783.0,178171783.0,178171783,True,True
2152689442,Bettina Reglin,2075680830.0,2075680830.0,2075680830,True,True
2064173421,Jie Li,2421365398.0,2421365398.0,2421365398,True,True
2006103778,Frédéric Devaux,2095687688.0,2095687688.0,2095687688,True,True
2041563141,Amir Handzel,2589183496.0,2589183496.0,2589183496,True,True
2095238541,Amir Handzel,2589183496.0,2589183496.0,2589183496,True,True
2041563141,Felix Polyakov,2647287512.0,2647287512.0,2647287512,True,True
2041563141,Halim Hicheur,286163866.0,286163866.0,286163866,True,True
2041563141,Moshe Abeles,2254024158.0,2254024158.0,2254024158,True,True
2041563141,Uri Maoz,24952794.0,24952794.0,24952794,True,True
2065919348,Paolo Carloni,178321704.0,178321704.0,178321704,True,True
2065919348,Vanessa Leone,2142237024.0,2142237024.0,2142237024,True,True
2054417063,Elke Brosens,10819332.0,10819332.0,10819332,True,True
2054417063,Karolien Van Belle,1944026804.0,1944026804.0,1944026804,True,True
2054417063,Khadija Wahni,2040635413.0,2040635413.0,2040635413,True,True
2052326112,Marcel Salathé,2284353421.0,2284353421.0,2284353421,True,True
2165522820,Dana Reichmann,1974733420.0,1974733420.0,1974733420,True,True
2056836654,Brian Gettler,2309164460.0,2309164460.0,2309164460,True,True
2056836654,Yvan Charbonnier,2481895564.0,2481895564.0,2481895564,True,True
2128149358,Jean-Pascal Pfister,2188959753.0,2188959753.0,2188959753,True,True
2063980568,Amelie Stein,2608503523.0,2608503523.0,2608503523,True,True
2151227169,Marjan Mashkour,2041066065.0,2041066065.0,2041066065,True,True
2006289774,Cyril Monier,2134532516.0,2134532516.0,2134532516,True,True
2022616786,Erkang Fan,2171658337.0,2171658337.0,2171658337,True,True
2143881247,Salvatore Valitutti,341191308.0,341191308.0,341191308,True,True
1979892077,Moritz Diehl,2124566259.0,2124566259.0,2124566259,True,True
1979892077,Onn Brandman,2069467465.0,2069467465.0,2069467465,True,True
1979892077,Stefan Körkel,15917344.0,15917344.0,15917344,True,True
2148851869,Shirley Wu,2111773989.0,2111773989.0,2111773989,True,True
2148521729,Shirley Wu,2111773989.0,2111773989.0,2111773989,True,True
1995080247,Ziheng Yang,2096970702.0,2096970702.0,2096970702,True,True
2101831420,Linlin Li,2691150940.0,2691150940.0,2691150940,True,True
2015645698,Meenakshi Roy,2100927942.0,2100927942.0,2100927942,True,True
2015645698,Namshin Kim,1985566417.0,1985566417.0,1985566417,True,True
2059542572,Tien Huynh,1987241302.0,1987241302.0,1987241302,True,True
2073905663,Yoav Benjamini,1947947847.0,1947947847.0,1947947847,True,True
1983965268,Marc Löllmann,74306444.0,74306444.0,74306444,True,True
2046302208,Yves Pommier,719908761.0,719908761.0,719908761,True,True
2006465310,Frank Oliver Glöckner,1536378997.0,1536378997.0,1536378997,True,True
2006465310,Renzo Kottmann,2093521308.0,2093521308.0,2093521308,True,True
1966390421,Heidi Hofer,2005038157.0,2005038157.0,2005038157,True,True
1999123843,Pawel Pyk,206548729.0,206548729.0,206548729,True,True
